1, 5, カリン, カンナ, ヒフミ(水着), ヒマリ, モエ
3005, 19, アリス, アル(正月), イズナ, イズミ, イロハ, コハル, チヒロ, ナツ, ノア, ハナエ(クリスマス), ヒフミ, ヒマリ, ホシノ(水着), マリー(体操服), ミカ, ミサキ, ミユ, ムツキ(正月), ユウカ(体操服)
3053, 17, アル(正月), イズナ, ウイ, エイミ, カリン, カンナ, ココナ, コハル, ツルギ, ネル, ヒフミ(水着), ヒマリ, ホシノ(水着), マリー(体操服), ミカ, モエ, ユウカ(体操服)
3433, 2, アカネ(バニーガール), シュン
3437, 1, マキ
3438, 2, ネル, ミユ
3439, 2, アリス, ヒビキ
3440, 3, アル(正月), シュン(幼女), スミレ
3441, 2, アル, イズミ
3442, 3, ヒマリ, マキ, ムツキ(正月)
3443, 3, ノノミ(水着), ヒナ, ムツキ(正月)
3444, 3, ツルギ, ノア, ヒビキ
3445, 2, ヒビキ, ユズ
3446, 1, ヒフミ
3447, 1, ヒビキ
3448, 1, シロコ
3449, 1, ネル
3450, 2, アスナ(バニーガール), マキ
3451, 1, サヤ
3452, 2, ヒナ, ホシノ
3453, 3, シロコ, ミネ, ムツキ(正月)
3454, 1, シロコ
3455, 3, カリン, ヒビキ, ヒフミ
3456, 1, ホシノ
3457, 2, シュン(幼女), ツルギ
3458, 2, シュン, ムツキ(正月)
3459, 3, シロコ, チェリノ, ミヤコ
3460, 2, アル, ムツキ(正月)
3461, 3, サクラコ, ナツ, ヒナ
3462, 4, ナツ, ネル, ヒビキ, ヒフミ(水着)
3463, 1, シロコ
3464, 3, コユキ, ハルナ, ヒフミ
3465, 1, ネル
3466, 2, ヒビキ, ムツキ(正月)
3467, 3, イロハ, シロコ, ムツキ(正月)
3468, 2, ヒビキ, ムツキ(正月)
3469, 3, シュン, ムツキ(正月), メグ
3470, 2, ヒビキ, マリナ
3471, 1, ホシノ
3472, 4, アル, イオリ, サヤ, ムツキ(正月)
3473, 1, ヒナ
3474, 3, エイミ, シュン, ヒナ
3475, 2, ネル, ムツキ(正月)
3476, 3, アカネ(バニーガール), ヒナ, ムツキ(正月)
3477, 2, エイミ, シグレ
3478, 1, ヒフミ
3479, 4, カヨコ(正月), ヒフミ, ミネ, ムツキ(正月)
3480, 1, エイミ
3481, 3, カリン, シロコ, ヒナ
3482, 1, ネル
3483, 2, コハル, ネル
3484, 2, スミレ, ムツキ(正月)
3485, 1, カリン
3486, 2, アズサ, ヒビキ
3487, 3, イズミ, マキ, ミモリ
3488, 2, ハルナ, ヒナ
3489, 1, ヒフミ
3490, 2, スミレ, ムツキ(正月)
3491, 3, イオリ, ヒビキ, ムツキ(正月)
3492, 2, イズミ, カリン
3493, 2, アスナ(バニーガール), シュン
3494, 3, アル(正月), イオリ, ヒフミ(水着)
3495, 2, コユキ, ツルギ
3496, 3, ヒフミ, マキ, マリナ
3497, 3, サヤ, ノノミ(水着), ムツキ(正月)
3498, 1, シロコ
3499, 3, カリン, ハルナ, ミユ
3500, 3, サヤ, マキ, ムツキ(正月)
3501, 3, アル, カエデ, シュン
3502, 4, サヤ, ヒビキ, マキ, ミドリ
3503, 3, イオリ, カリン, シュン(幼女)
3504, 3, カンナ, シロコ, ヒフミ
3505, 1, シロコ
3506, 2, イズミ, エイミ
3507, 2, ノドカ(温泉), マキ
3508, 3, エイミ, コハル, シロコ
3509, 4, シロコ, ハナエ(クリスマス), ヒフミ, ミユ
3510, 2, ホシノ, ムツキ(正月)
3511, 1, ハルナ
3512, 1, イオリ
3513, 2, イズミ, ハルナ
3514, 4, アル, シロコ, ヒヨリ, ミヤコ
3515, 1, ネル
3516, 3, アカネ(バニーガール), イズミ, ミモリ
3517, 3, エイミ, ツルギ, ノドカ(温泉)
3518, 2, ホシノ, マシロ
3519, 1, ヒビキ
3520, 2, ホシノ, ムツキ(正月)
3521, 1, マキ
3522, 2, イズミ, ムツキ(正月)
3523, 1, ネル
3524, 3, イズミ, カヨコ(正月), ムツキ(正月)
3525, 2, カリン, シュン
3526, 3, サヤ, シロコ, ツルギ
3527, 3, ツルギ, ヒナ, ムツキ(正月)
3528, 3, チェリノ, ハルナ, ムツキ(正月)
3529, 1, カリン
3530, 2, サヤ, ハナエ(クリスマス)
3531, 3, カヨコ(正月), ヒフミ, ムツキ(正月)
3532, 2, サクラコ, ホシノ
3533, 2, マキ, ムツキ(正月)
3534, 2, ナツ, ヒナ
3535, 1, ホシノ
3536, 3, エイミ, ヒフミ(水着), ホシノ
3537, 4, カリン, サヤ(私服), サヤ, ヒナ
3538, 1, イズミ
3539, 1, イオリ
3540, 2, イオリ, カリン
3541, 3, イオリ, スミレ, ムツキ(正月)
3542, 3, ヒビキ, ミモリ, ワカモ(水着)
3543, 2, コハル, ヒフミ
3544, 1, マキ
3545, 2, ヒナ, ヒフミ
3546, 1, シュン
3547, 1, サヤ
3548, 1, サヤ
3549, 2, アル, シロコ
3550, 3, エイミ, ハルナ, ムツキ(正月)
3551, 2, イオリ, ツクヨ
3552, 2, サヤ, ムツキ(正月)
3553, 1, ホシノ
3554, 3, サヤ, マシロ, ミサキ
3555, 2, カリン, ムツキ(正月)
3556, 3, カリン, マキ, ムツキ(正月)
3557, 2, スミレ, マキ
3558, 1, ヒビキ
3559, 3, ナツ, ヒビキ, ムツキ(正月)
3560, 3, ネル, ミユ, ムツキ(正月)
3561, 3, ハルナ, ホシノ, ムツキ(正月)
3562, 1, ツルギ
3563, 2, ツクヨ, ホシノ
3564, 2, ホシノ, ムツキ(正月)
3565, 2, カエデ, マキ
3566, 3, アスナ(バニーガール), ネル, ヒフミ
3567, 2, アル, イオリ
3568, 3, アル, イオリ, ネル
3569, 1, ネル
3570, 2, ホシノ, ムツキ(正月)
3571, 3, エイミ, ネル, マリナ
3572, 2, アル, モエ
3573, 1, シュン
3574, 4, ヒナ, ヒビキ, ホシノ, モエ
3575, 1, ネル
3576, 1, ハルナ
3577, 3, シュン, ハルナ, ヒナ
3578, 1, シュン
3579, 1, ツルギ
3580, 3, マキ, ミドリ, ムツキ(正月)
3581, 1, カリン
3582, 1, イオリ
3583, 3, サヤ, シュン, ヒマリ
3584, 3, チェリノ, ヒナ, ヒビキ
3585, 1, ヒフミ
3586, 1, サヤ
3587, 1, エイミ
3588, 1, シュン
3589, 2, コハル, ヒナ
3590, 1, イオリ
3591, 3, アル, イオリ, ヒビキ
3592, 2, スミレ, マリナ
3593, 2, イオリ, ヒナ
3594, 2, エイミ, ムツキ(正月)
3595, 2, ココナ, シロコ
3596, 1, カリン
3597, 2, アスナ(バニーガール), ホシノ
3598, 3, ヒビキ, マキ, ムツキ(正月)
3599, 2, シロコ, モエ
3600, 2, ハルナ, ヒナ
3601, 4, スミレ, ヒビキ, ホシノ, ムツキ(正月)
3602, 3, アスナ(バニーガール), アル, ココナ
3603, 3, サヤ, ツルギ, モエ
3604, 1, アル
3605, 1, ヒビキ
3606, 3, ココナ, ホシノ, ミドリ
3607, 2, アズサ, エイミ
3608, 2, シロコ, ムツキ(正月)
3609, 3, イズナ, ツルギ, ムツキ(正月)
3610, 4, スミレ, セナ, ヒマリ, ムツキ(正月)
3611, 3, イオリ, ハナエ(クリスマス), ムツキ(正月)
3612, 2, シュン, マキ
3613, 3, サヤ, シグレ, セリカ(正月)
3614, 4, アル, ウタハ(応援団), ヒビキ, ムツキ(正月)
3615, 1, ヒナ
3616, 2, アル(正月), マキ
3617, 4, アツコ, シロコ, スミレ, ホシノ
3618, 2, サヤ, ムツキ(正月)
3619, 1, ハルナ
3620, 1, サヤ
3621, 2, ヒフミ, ムツキ(正月)
3622, 3, サクラコ, ヒビキ, ムツキ(正月)
3623, 3, イズミ, サオリ, ハルナ
3624, 4, アツコ, シュン, シロコ, ムツキ(正月)
3625, 2, イズミ, サオリ
3626, 2, ヒビキ, ムツキ(正月)
3627, 2, カヨコ(正月), ヒナ
3628, 2, アコ, イオリ
3629, 1, マキ
3630, 3, シロコ, ハルナ, マキ
3631, 2, イズミ, エイミ
3632, 1, イズミ
3633, 2, アカネ(バニーガール), ヒナ
3634, 3, イズミ, ヒヨリ, ムツキ(正月)
3635, 3, ネル, ヒフミ, マキ
3636, 2, シュン, シロコ
3637, 5, イズミ, サヤ, ヒナ, ヒビキ, ヒヨリ
3638, 1, カリン
3639, 4, サヤ(私服), シュン, チェリノ(温泉), モエ
3640, 3, サヤ, ヒヨリ, ムツキ(正月)
3641, 3, アル, イズミ, ウタハ(応援団)
3642, 1, ヒナ
3643, 2, カリン, ヒナ
3644, 2, ツルギ, ヒフミ
3645, 2, シロコ, マキ
3646, 2, ツルギ, ムツキ(正月)
3647, 1, シロコ
3648, 1, イズミ
3649, 3, イズミ, チヒロ, ノノミ(水着)
3650, 2, ハルナ, マキ
3651, 1, スミレ
3652, 4, アリス, カンナ, ハルナ, ムツキ(正月)
3653, 2, イズミ, ムツキ(正月)
3654, 1, ヒフミ
3655, 2, イズミ, チェリノ(温泉)
3656, 2, エイミ, ムツキ(正月)
3657, 2, ハルナ, ヒナ
3658, 1, ホシノ
3659, 1, ヒフミ
3660, 3, イズミ, ミサキ, ワカモ(水着)
3661, 2, イオリ, ムツキ(正月)
3662, 1, マキ
3663, 2, イズミ, コユキ
3664, 1, シロコ
3665, 2, シロコ, ムツキ(正月)
3666, 2, アル, シュン
3667, 1, サヤ
3668, 4, アカネ(バニーガール), イズナ, サヤ, ムツキ(正月)
3669, 4, アコ, カズサ, カリン, マシロ
3670, 3, サクラコ, ツルギ, ノドカ(温泉)
3671, 1, エイミ
3672, 1, ネル
3673, 2, カリン, ムツキ(正月)
3674, 2, チェリノ, ツルギ
3675, 2, アリス, エイミ
3676, 1, アル
3677, 2, ハルナ, ムツキ(正月)
3678, 1, ツルギ
3679, 1, ホシノ
3680, 1, ハルナ
3681, 3, アカネ(バニーガール), サクラコ, スミレ
3682, 3, イオリ, カンナ, メグ
3683, 2, カリン, スミレ
3684, 3, イズミ, ヒフミ, ムツキ(正月)
3685, 3, カヨコ(正月), サヤ, ネル
3686, 2, ツルギ, ミネ
3687, 2, スミレ, ミドリ
3688, 2, イズミ, サヤ
3689, 4, カリン, サヤ, チェリノ(温泉), ヒフミ(水着)
3690, 2, マキ, ムツキ(正月)
3691, 3, ウイ, エイミ, ムツキ(正月)
3692, 2, カリン, ハナエ(クリスマス)
3693, 1, ツルギ
3694, 3, カリン, チェリノ, ユズ
3695, 3, セリナ(クリスマス), ヒナ, ムツキ(正月)
3696, 1, カリン
3697, 2, イオリ, ムツキ(正月)
3698, 2, イオリ, ヒフミ
3699, 3, コハル, チヒロ, ホシノ
3700, 3, イズミ, コハル, ムツキ(正月)
3701, 1, ホシノ
3702, 2, アリス, ツルギ
3703, 3, イオリ, スミレ, ヒナ
3704, 2, シュン, ムツキ(正月)
3705, 4, アカネ(バニーガール), チェリノ(温泉), ハルナ, ヒフミ
3706, 3, シュン, セリカ(正月), ムツキ(正月)
3707, 1, ヒナ
3708, 3, アリス, サヤ, ムツキ(正月)
3709, 3, シロコ(ライディング), シロコ, ミヤコ
3710, 1, シュン
3711, 1, エイミ
3712, 1, サヤ
3713, 2, エイミ, ヒフミ
3714, 3, イオリ, ヒナ, モエ
3715, 2, ヒフミ, ムツキ(正月)
3716, 2, シロコ, ヒナ
3717, 4, ウイ, サオリ, ヒフミ, ムツキ(正月)
3718, 2, アズサ, カリン
3719, 3, シュン, ツルギ, ホシノ
3720, 2, ノア, ハルナ
3721, 3, ネル, ノア, ヒフミ(水着)
3722, 2, ヒフミ, ミユ
3723, 3, ツルギ, ムツキ(正月), モエ
3724, 2, ツルギ, ホシノ
3725, 2, アル, ヒナ
3726, 3, アル, シロコ, ホシノ
3727, 2, シロコ, スミレ
3728, 2, シロコ, ムツキ(正月)
3729, 2, ヒナ, ムツキ(正月)
3730, 2, アル, ノドカ(温泉)
3731, 2, ツルギ, ムツキ(正月)
3732, 1, ツルギ
3733, 2, チヒロ, ヒナ
3734, 4, カリン, サヤ, チヒロ, ハナエ(クリスマス)
3735, 1, ハルナ
3736, 2, サヤ, ミユ
3737, 3, イズナ, エイミ, ネル
3738, 2, カヨコ(正月), ヒナ
3740, 1, ツルギ
3742, 4, イズミ, サクラコ, シュン(幼女), シロコ
3744, 2, イズミ, サヤ
3745, 4, アル, ノノミ(水着), ヒフミ, ムツキ(正月)
3746, 2, シュン, セリカ(正月)
3747, 3, イオリ, ヒフミ, ムツキ(正月)
3748, 1, シュン
3749, 2, エイミ, ヒビキ
3750, 2, サクラコ, ネル
3751, 2, サキ, スミレ
3752, 2, ウイ, ハルナ
3753, 2, アカネ(バニーガール), ホシノ
3434, 2, イオリ, ヒビキ
3435, 1, ハルナ
3436, 2, アル, ハナエ(クリスマス)
3430, 2, サクラコ, マキ
3428, 1, アル
3427, 2, サヤ, ハルナ
3425, 3, アル, エイミ, ムツキ(正月)
3424, 1, マキ
3423, 2, エイミ, ヒナ
3422, 3, エイミ, セリナ(クリスマス), ミモリ
3421, 2, エイミ, マシロ
3420, 1, イズミ
3426, 2, アル, チェリノ
3419, 1, マキ
3418, 1, カリン
3417, 2, アツコ, シュン
3416, 2, ネル, ホシノ
3415, 1, アル
3414, 2, シグレ, ハルナ
3413, 2, サヤ, ホシノ
3412, 3, アル(正月), ツルギ, ヒフミ
3409, 2, イオリ, ムツキ(正月)
3408, 2, ハルナ, ムツキ(正月)
3410, 2, サヤ, ヒナタ
3411, 1, スミレ
3407, 4, エイミ, サオリ, シュン, ツルギ
3406, 3, ホシノ, マキ, ミヤコ
3404, 2, スミレ, ムツキ(正月)
3405, 2, イズミ, ユズ
3402, 2, シュン, ムツキ(正月)
3403, 3, ツルギ, ネル, ハルナ
3401, 2, カリン, ココナ
3400, 1, サヤ
3399, 2, アル, イズミ
3398, 3, イズミ, シュン, ミドリ
3397, 3, アカネ(バニーガール), エイミ, ヒビキ
3394, 2, ヒナ, ムツキ(正月)
3396, 4, アツコ, エイミ, チェリノ, ツルギ
3395, 2, アコ, アル
3393, 3, アル, カリン, ヒビキ
3390, 2, エイミ, ムツキ(正月)
3392, 3, カリン, コハル, マシロ
3391, 1, マキ
3389, 2, カリン, ミユ
3388, 2, アコ, イズミ
3387, 1, ハルナ
3386, 3, シロコ, ネル, ワカモ(水着)
3385, 2, イズミ, シュン
3381, 3, サキ, ヒフミ, ムツキ(正月)
3383, 1, アル
3384, 1, スミレ
3382, 3, ネル, マキ, ムツキ(正月)
3380, 3, アリス, ハルナ, ムツキ(正月)
3379, 1, ヒビキ
3378, 1, エイミ
3377, 3, アズサ, スミレ, ホシノ
3376, 4, イズミ, カリン, チェリノ, ワカモ(水着)
3374, 3, エイミ, サヤ, ムツキ(正月)
3375, 3, コハル, ノドカ(温泉), ヒフミ
3373, 1, ネル
3372, 1, カリン
3371, 1, ヒフミ
3370, 1, ヒナ
3369, 1, ネル
3367, 2, エイミ, ムツキ(正月)
3368, 2, シュン(幼女), シュン
3364, 3, カンナ, マキ, ムツキ(正月)
3366, 4, サヤ(私服), ハルナ, ヒビキ, ミドリ
3365, 2, カリン, サクラコ
3362, 3, ヒナ, ホシノ, ムツキ(正月)
3361, 2, シュン, ムツキ(正月)
3363, 4, イズミ, エイミ, カンナ, ヒビキ
3356, 2, アル, ムツキ(正月)
3360, 1, ヒフミ
3359, 2, カリン, セナ
3358, 2, シュン, スミレ
3357, 1, アル
3355, 2, カヨコ(正月), サヤ
3353, 2, スミレ, マキ
3354, 1, ヒナ
3352, 1, ヒナ
3351, 3, アル, イズミ, サヤ
